sequence,label
REIESSIGDSVSRALTQALPAPTGQNTQVSSHRLDTGEVPALQAAEIGASSNTSDESMIETRCVLNSHSTAETTLDSFFSRAGLVGEIDLPLEGTTNPNGYANWDIDITGYAQMRRKVELFTYMRFDAEFTFVACTPT,1
MELPILKTNAITTIFAAVTLCFASSQNITEEFYQSTCSAVSKGYLSALRTGWYTSVITIELSNIKENKCNGTDAKVKLIKQELDKYKNAVTELQLLMQSTPAANNRARRELPRFMNYTLNNTKNNNVTLSKKRKRRFLGFLLGVGSAIASGIAVSKVLHLEGEVNK,1
MEQEQDTPWTQSTGHINIQKRGNGQQTQKLEHLNSTRLMGHCPKTMSQVDMHKQTVSLKQWLSLKSPTQESLKTRVLKRWKLSNKQEWTN,1
MEQEQDTPWTQSTEHINIQKRGNGQQTQKLEHHNLTQLMDHCLRITSQVDMHKQTVSWKQWLSLKSPTQESLKTRVSKRWKLFNRQEWTS,1
LLNGSLAEGEVVLRSKNFSNNADTIIVQLKEPVVINCTRPNNNTRKSINIGPGRAFVTTGTIQGGIRQAHCNI,1
SRPFSVLRANDVLWLSLTAAEYDQSTYGSSTGPVYVSDSVTLVNVATGAQAVARSLDWTKVTLDGRPLSTIQQHSKTFFVLPLRGKLSFWEAGTTKAGYPYNYNTTASDQLLVENAAGHRVAISTYTTSLGAGPVSISAVAVLAPP,1
GIISLILQIGNIISIWVSHSIQTGSQNHTGICNQRIITYENSTWVNQTYVNISNTNVVAGKDTTSMTLAGNSSLCPIRGWAIYSKDNSIRIGSKGDVFVIREP,1
MEQEQDTPWTRSTEHINIQKRGNGQQTQRLEHPNLTQLMDHCPRTMSQVDMHKRTVSLKQWLSLKNPTQESLKTRVLKRWKLFNKQE,1
RPSTGWHMHGGAYAVVNVSVEYRNAGSGQCTAGSIHWSKNFSASSVAMTAPVTGMSWSVSQFCTSQCNFTNFTVFVTHCYKNGRGSCPLTGLIPQEQIRISAMKNSSLFYNLTVAVTKYPRFKSL,1
ESRIWCLVVCVNLCIVCLGAAVSSSSTTGSRGTSIHNHHSSHTTSAARSQSGSVSHHVTSSQTVSHDVNETIY,1
MEQEQDTPWTQSTEHINIQKRGNGKQTQKLEHPNLTQLMDHCLRIMSQVDMHKQIVSWKQWLSLKSPTQESLKTRVLKRWKSFNKQEWTS,1
MDPVDPEVPPWHHPGSQPQIPCNNCYCKRCCYHCYVCFVRKGLGISYGRKKRGRPAAASHPDHKDPVPKQSPTITKRKQERQEEQEEEVEKKAGPGGYPRRKGSCHCCTRTSEQ,1
MDPVDPEMPPWHHPGSKPQTPCNNCYCKRCCYHCYVCFTKKGLGISHGRKKRRRPAAAASYPDNKDPVPEQHTGRKQKRQEEQEKKVEKETGPSGQPCHQDSCNSCTRISGQ,1
LVMILLIAPAYSIRCIGVSNRDFVEGMSGGTWVDVVLEHGGCVTVMAQDKPTVDIELVTTTVSNMAEVRSYCYEASISDMASDSRCPTQGEAYLDKQSDTQYVCKRTLV,1
MKLSNFQGKLLMTVNNTDIADVIVIPTSKGENRCWVRAIDVGYMCEDTITYECPKLTTGNDPEDVDCWCDNQEVYIQYGRCTRTRHSKRSRR,1
LIAPAYSIRCIGVSNGDFVEGMSGGTWVDVVLEHGGCVTVTAQDKPTVDIELVTTTVSNMAEVRSYCYEASISDMASDSRCPTQGEAYLDKQSDTQYVC,1
MEPVDPRLEPWNHPGSQPKTACNNCYCKRCCYHCLYCFTKKGLGISYGRKKRSQRRRTPQSSKSHQDLIPEQPLSQQQGDQTGQKKQKEALESKTEADPCD,1
VIACAGAMKLSNFQGKLLMTVNNTDIADVIVIPTSKGENRCWVRAIDVGYMCEDTITYECPKLTSGNDPEDVDCWCDNQE,1
MEREQDTPWTRSTEHINIQKRENGQQTQKLGRPNLIQLMDHYLRIMNQVDMHKQTASWKQWLSLKNPTQESLKTHVLKRWRLFNRQG,1
MEREQDTPWTQSTEHINIQKRGNGQPTQRLEHPNLTQLTDHCLRTMSQVDMHKQTVSLKQWLSSKNPTQESLKTRVLKRWKLFNKQEWTN,1
CTLANQDTLGTTVIRTYRRTTPFQRRKWCAYEKIIGEDIHECILGGNWTCIIGDHSKLKDGPIKKSKWCGYDFSSPEGLPHYPIGKCMLSNESGYRYVDDTSCDRGGVAIVPTGTVKCRIGNVTVQVIATNKDLGPMPCS,1
MEQEQDTPWTQSTEHINIQKRGNGQRTQRLEHPNSIRLMDHYLRIMSRVGMHKQIVYWKQWLSLKNPTQGSLKTRVLKRWKLFSKQEWIS,1
MEPVDPRLEPWKHPGSQPKTASNNCYCKRCCLHCQVCFTKKGLGISYGRKKRRQRRRAPQDSKTHQVSLSKQPASQPRGDPTGPKESKKKVERETETDPED,1
FLGFLGAAGSTMGAASITLTVQARTLLSGIVQQQNNLLRAIEAQQHLLQLTVWGIKQLQARVLAVERYLQDQQLLGIWGCSGKHICTTTVPWNSSWSNKSLEEIWQNMTWMEWEREIDNYTGLI,1
MGQEQGTPWIQSTGHTSTQKEEDGQKIQKLEHRNSTQLMGHYQKTMNQVAMPKQIVY,1
MTIKSRKSRKSRKSKAKTLLPKPKPGGLGNYSTKQPAATRRQKLAREVKKHGYKTTVLDLNLRATVNKRQAPEASKKMKQDIQYLRKHRTSRKSRKSRR,1
VIACAGAMKLSNFQGKLLMTVNNTDIADVIVIPTSKGENRCWVRAIDVGYMCEDTITYECPKLTMGNDPEDVDCWCDNQE,1
MEPVDPRLEPWNHPGSQPKTACNKCYCKKCCYHCMCCFTKKGLGISYGRKKRSQRRRPPKSSKDHQDPIPEQPLSRQQPGDQTGQKKQKKALEGKTEADPCD,1
MHGNVPTLPQYIIELIPQTEIDLQCHEQLNSSEDEDEDEVDHLQEQPQQARRDEQHPCYLIETQCCRCESLVQLAVQSSTKELRILQQMLMGTVELVCPLCATRR,1
MEPVDPSLDPWNHPGSQPTTPCTKCYCKRCCFHCQWCFTTKGLGISYGRKKRRQRHRTPQSSQVHQNSLPKQPLSQARGDPTGPKESKKEVESKAKTDPCA,1
MTREIRARESNTKYIVLGVCVVAFICFLGFSQQKHATHSGDGVGVPRFANGGSYRDGTRSMNFNSNNPNAYGCKSEGFFGGFEKLALLFLVLGIILYVAGGCAGGDHVCNGGCCKV,1
MSMLLLWRRVELVVGLALLMTVAVLAVQVTLARKHAAKVQDQVFAVTADLTAERAHSREVENINKQRRSKDAAVSTALESNQEWADDVLPDDIASQLQHPDGSTSAVPPPL,1
MEPVDPSLEPWKHPGSQPKTACTNCYCKKCCLHCQVCFTTKGLGISYGRKKRRQRRRPPQDSQTHQVSLPKQPSSQQRGDPTGPKESKKKVERETETDPDN,1
MEPVDPRLEPWKHPGSQPKTACNNCYCKKCCYHCQVCFLTKGLGISYGRKKRRQRRGPPQGSQTHQVSLSKQPTSQPRGDPTGPKESKEKVERETETDPAVQ,1
MRLCRVWLSVCLCAVVLGQCQRETAEKNDYYRVPHYWDACSRALPDQTRYKYVEQLVDLTLNYHYDASHGLDNFDVLKRINVTEVSLLISDFRRQNRRGGTNKRTTFNAAGSLAPHARSLEFSVRLFAN,1
MEPVNPSLEPWKHPGSQPKTACTNCYCKKCCFHCQACFITKGLGISYGRKKRRQRRRPPQDSQTHQVSLSKPSSQPRGDPTGPKEQKKKVERETETDPVH,1
MHGKYPTLKDIVLELTPDPVGLHCNEQLDSSEDEVDEQATQATQATQHSTLLQCYQILTSCSKCCSNVRLVVECTGPDIHDLHDLLLGTLNIVCPLCAPKS,1
MGQEQGTPWIQSTGHTSTQKEEDGQKIPKLEHRNSTQLMGHYQKTMNQVAMPKQIVY,1
MDPVDPKLEPWNHPGSQPQTACNNCYCKKCCYHCQMCFLKKGLGISYGRKKRSQRHRTPASLQDHQNSISKQPLSRTHGDPTGPKEQKKEVASKTETDP,1
GGKKQYKLKHIVWASRELERFAVNPGLLETSEGCRQILEQLQPSLQTGSEELRSLFNTVAVLYCVHQRIDVKDTKEALDKIEEEQNNSKKKAQQAAAGTGSSSQASQNYPIVQNIQGQMVHQAISPRTLN,1
LIAPAYSIRCIGVSNRDFVEGMSGGTWVDVVLEHGGCVTVMAQDKPTVDIELVTTTVSNMAEVRSYCYEASISDMASDSRCPTQGEAYLDKQSDTQYVC,1
MKLSNFQGKLLMTINNTDIADVIVIPTSKGENRCWVRAIDVGYMCEDTITYECPKLTMGNDPEDVDCWCDNQEVYVQYGRCTRTRHSKRSRRSVSVQTHGESSLVNKKEAWLDSTKATRYLMKTENWIIRNPGYAFLAAALGWMLGSNNGQRVVFTILLLLVAPAYS,1
MNPNQKIICISATGMTLSVVSQLIGLANLGLNIGLHFKVGETPEIGTPSVNETNSTTTIINYNTQNNFTNVTNIVLIKEEDEMFTNLSKPLCEVNSWHILSRT,1
MHGKVTTIPEYILDLVPQTEIDLHCYEQLNSSEEEDEDEVDNLQKQPQQARQEEQHPCYLINTQCCRCASAVQLAVQSPTKELRALQQMLMGALELVCPLCATRR,1
FHLTTRNGEPHMIVSRQEKGKSLLFKTKDGTNMCTLMAMDLGELCEDTITYKCPFLKQNEPEDIDCWCNSTSTWVTYGTCTTTGEHRREKRSVALVPHVGMGLETRTETWMSSEGAWKH,1
MRGNSVDLQEIVLVQQGEVPENAAVHSGEHSDDEGESEEEEREQVQQVPTPRRTLYLVESQCPFCQAIIRFVCVASNTGIRNLQALLVNSHLDLACHACVEQNGVQGLRHRQWQ,1
CIGVSNRDFVEGMSGGTWVDVVLEHGGCVTVMAQDKPTVDIELVTTTVSNMAEVRSYCYEVSISDMASDSRCPTQGEAY,1
NGSLAEGEVVIRSENFTDNAKTIIVQLNESVVINCTRPNNNTRKNIHLGRGRSVYATEKIIGNVKQAHCNISRAKWNDTLKQIVEKLREQFGKNKTIVFNQSSGGDPEI,1
WGIKQLQARVLAVERYLKDQQLLGIWGCSGKLICTTTVPWNASWSNKSLDDIWDNMTWMEWEREIDNYTDLIYTLIGKSQNPPGKDGPGLLALDKWASLWSWFDISNWL,1
YQGIPYTAAVQVDLIEKDLLPASLTIWFPLFQANTPPAVLLDQLKTLTITTLYAASQNGPILKVNASAQGAAMSVLPKKFEVNATVALDEYSKLE,1
VKITTQDVSQQLKTCLRRSACVYFTEYENSGSKRYAEWVVTTRQAAQLRRKLEFFTYIRFDLELTFVITSTQQPSTTQNQDAQIPYPSD,1
MHGERPTLGDIVLDLQPEPVSLSCNEQLDSSDSEDDHEQDQLDSSHNRQREQPTQQDLQVNLQSFKIVTHCVFCHCLVRLVVHCTATDIRQVHQLLMGTLNIVCPNCAATA,1
MEPVDPNREPWNHPGSQPKTACTNCYCKKCCYHCQVCFLQKGLGISYGRKKRRQRRSAPPGSKTHQDLIPKQPLSQTQRKPTGPEESKKEVESKAEPDRFD,1
MDPVDPNLEPWNHPGSQPRTPCNKCHCKKCCYHCPVCFLNKGLGISYGRKKRRQRRGPPQGGQAHQVPIPKQPSSQPRGDPTGPKEQKKKVESEAETDP,1
YRLKHIVWASRELERFALNPGLLETAEGCQQIIEQLQSTLKTGSEELRSLFNTIATLWCVHHRIEVKDTPEALDKLEEAQNKSQQKTQQAATDTGSSSKVRQNYPIVQNAQGQMAHHPL,1
MEPVDPNLEPWKHPGSQPRTACNNCYCKKCCFHCQVCFTKKGLGISYGRKKRRQRRRPPQDSQTHQSSLSKQPTSQLRGDPTGPTESKKKVERETETDPVH,1
MEPVDPRLEPWKHPGSQPKTACTNCYCKKCCFHCQVCFTKKALGISYGRKKRRQRRRAHQDSQNHQASLSKQPSSQTRGDPTGPKEPKKEVEREAETDPLD,1
MDPVDPNLEPWNHPGSQPRTPCNKCYCKKCCYHCQMCFITKGLGISYGRKKRRQRRRPPQGNQAHQDPLPEQPSSQHRGDHPTGPKE,1
MGQEQDTPWILSTGHISTQKRQDGQQTPKLEHRNSTRLMGHCQKTMNQVVMPKQIVYWKQWLSLRNPILVFLKTRVLKRWRLFSKHE,1
FHLSTRDGEPLMIVAKHERGRPLLFKTTEGINKCTLIAMDLGEMCEDTVTYKCPLLVNTEPEDIDCWCNLTSTWVMYGTCPQSGERRREKRSVALTPHSGMGLETRAETWMSSEGAWKHAQRVESWILRNP,1
GAAEVLVVLSELPDFLAKKGGEAMDTISVFLHSEEGSRAYRNALSMMPEAMTIVMLFILAGLLTSGMVIFFMSPKGISRMSMAMGTMAGCGYLMFLGGVKPTHISYVMLIFFVLMVVVIPEPGQQR,1
MWGCGWSRIIVLLPLMCMALMARGTYGTYICSPNPGRLRISCALSVLDQRLWWEIQYSSGRLTRVLVFHDDGEEGGDLHLTDTRHCTSCTHPYVISLVTPLTINATLRLLIQDGMYGRGEKELCIAHLPTLRDIRTCRVDADLGLLYAVCLILSFSIVAAALWKVDYDRSVAVGPKSYKS,1
MEPVDPRLEPWKHPGSKPKTACTNCYCKKCCFHCQVCFITKALGISYGRKKRRQRRRAHQNSQTHQASLSKQPSSQPRGDPTGPKEQKKKVERETETDPVH,1
MALGTVLRHLAPFIILGCITAWLYSQGYIMEVRCDWTVRECYSINEWGVRFEWRDGIGALINTIIAFDMHTLVLAGYLVIALIVGFVVYVDRWGASLTAISAGLMTALYWWYMTLLITKDSWSPDPSQRDPSRAVWYKNL,1
MHGNIINIEDVILDLVPQPEIDLRCYEQLDYEQFDSSDEDETDNMRDQQARQAGQEVCYRIEAQCCMCNSIVQLAVQSSRQNVRVLEQMLMEDVSLVCHQCAAQ,1
MERVVLLLAMISLVKSDQICIGYHANNSTEQVDTIMEKNVTVTHAQDILEKTHNGKLCSLNGVKPLILRDCSVAGWLLGNPMCDEFLTVPEWSYIVEKDNPINGLCYPG,1
MDPVDPNIEPWNQPGSQPKTACNQCYCKRCCYHCQICFLKKGLGISNGRKKRRPRRTTPYNSENHQDPLRKQPLSQPRGEQTDPKESKKKVESKTKTDQFD,1
YQNKVVKVLRPAEKGKTVMDIISRQDQRGSGQVVTYALNTFTNLVVQLIRNMEAEEVLEMQDLWLLRRSEKVTNWLQSNGWDRLKRMAVSGDDCVVKPIDDRFAHALRFLNDMGKVRKDTQEWKPS,1
MFTAIILMCTLDGNLCRAVSHPVVVSDLMSCTVLLGEGVKTIEDQGGWTVVSYRCLSWGEPT,1
MSKILVDEAADADNTGPVSFPLGSAFGSWTVKESGGVLYFAVSGVNKMKLDASGNLTVVGNVTAYGTV,1
MEVVDPNLDPWKHPGSQPETPCNKCYCKKCCFHCQLCFTRKGLGISYGRKKRRQRRRTPQSGEVHQDPVSKQPLSQTRGDPKGPEESKKKVESKTKTDPSD,1
VIACVGAMKLSNFQGKLLMTINKTDIADVIVIPTSKGENRCWVRAIDVGYMCEDTITYECPKLTMGNDPEDVDCWCDNQE,1
DTLDDFSYLWTNNQAMFWLQLASPVAAFLCLSYCCRNLACCMKIFLGISGLCVIATQA,1
DVEESELIIPHTIAGPKSKHNRREGYKTQNQGPWDENGIVLDFDYCPGTKVTITEDCGKRGPSVRTTTDSGKLITDWCCRSCSLPPLRFRTENGCWYGMEIRPVRHDETTLVRSQVDAFNGEMVDPFQLGLLVMFLATQEVLRKRWTARLTIPAVLGALLVLML,1
MEPVDPRLEPWKHPGSQPKTACTTCYCKKCCFHCQVCFTTKALGISYGRKKRRQRRRPPQGSQTHQVSLSKQPTSQPRGDPTGPKE,1
MEPVDPNLEPWNHPGSQPKTACNNCYCKRCSYHCLVCFQTKGLGISYGRKKRRQRRSAPPSSEDHQNPIPKQPLPQTRGDQTGSEESKKKVESKTETDPFD,1
MEKTLLFAAIFLCVKADEICIGYLSNNSTDKVDTIIENNVTVTSSVELVETEHTGSFCSINGKQPISLGDCSFAGWILGNPMCDDLIGKNSWSYIVENQS,1
MPNNNGKQRKKKKGNGQPVNQLCQMLGKIIAQQNQSRGKGPGKKNKKKSPEKPHFPLATEDDVRHHFTPSERQLCLSSIQTAFNQGAGTCTLSDSGRISYTVEFSLPTHHTVRLIRVTASPSA,1
GVTQNVLYENQKLIANQFNSAIGKIQDSLSSTASALGKLQDVVNQNAQALNTLVKQLSSNFGAISSVLNDILSRLDKVESGGRGGPDVDLGDISGINASVVNIQKEIDRLNEVAKNLNESLIDLQELGKYGG,1
MEPVDPNLEPWKHPGSQPRTACNNCYCKKCCFHCYACFTRKGLGISYGRKKRRQRRRAPQDSQTHQASLSKQPASQSRGDPTGPTESKKKVERETETDPFD,1
TVIGLQYCDSTTCGTTGQKLLLLLFIVVGACVVCVWISLQNYPYPVWASCLASYLTLVLLSWLQVLTYFDYFFLCLIILGIPSVLLTLLIHLAIQ,1
MEKLLLFATIILCVKADEICIGYLSNNSTDKVDTIIENNVTVTSSVELLETEHTGSFCSINGKQPTSLRDCSFAGWILGNPQC,1
MEVVDPKIDPWNHPGSQPETPCNNCYCKKCCFHCPLCFMKKGLGISYGRKKRRQRRRTPQGSKIHQDPVPKQPLSQTRGDPTGPEESKKKVESQTETDP,1
MDPVDPNIEPWNHPGSQPKTACNRCHCKKCCYHCQVCFITKGLGISYGRKKRRQRRRPSQGGQTHQDPIPKQPSSQPRGDPTGPKE,1
MHGERPTLGDIVLNLHPEPVCLNCNEQLDSSDSEDDHEQDQLDSLHSREREQPTQQDLQVNLQSFKVVTRCVFCQCLVRLAVHCSITDITQFQQLLMGTLHIVCPNCAATE,1
MEIPLKEQESSLNSSSGHSSSTSEGVANTQGLDNRGEEILSQLYRPLKACSNTCYCKKCSYHCQLCFLKKGLGICYERSRKRSSKRAKTTTSSAPNESLSARTGDSQPTKKQKKEVETTRATDLGPGRSNTSTSRFAN,1
MTAPKCVTTTTYLVKTKERPWWPDNAIRRWWISVAIVIFIGVCLVALMYFTQRQAQNSNGGSSG,1
MDPVDPNLESWNHPGSQPRTACNKCHCKKCCYHCQVCFITKGLGISYGRKKRRQRRKPPQGDQAHQVPIPEQPSSQSRGDPTGPKK,1
MALQLFPPFTPMVKAAQGTKLASETVFGEEATQKGRDNIISGWSTVMAFVPINPMLIPFQMASFILLSIIFIFLFGMGLGKGVLLAYLLQAFLTWMLAKKIMNFAWSFGLGV,1
MEPVDPNIEPWNQPGSQPKTACNQCYCKKCCYHCQLCFLQKGLGICYGREKRRQRTTTPYASKNHKDPIPKQPLPQARGDPTGPKESKKEVESKTKTDP,1
MVRFIVCLSLVLFLGGCLNPMSLLGGGGPNVAANVQAGAENNQTGVQVGDITKAETVYSGVAPSGSVGSLNISNQDIPIWVILLLILGWVLPSPREIWIGLLKTITLGRYRG,1
EAETATKSCSGRQANQVSLPKQPASQPRGDPTGPKESKKKVETETETDPVN,1
MTAPKCVTTTTYLVKTKERPWWPDNAIRRWWISVAIVIFIGVCLVALMYFTQRQAQTSGGSSG,1
MVQGYCLKEKKKVEIKEPKFELNKKGRPIARGKCASCGGTVYKILKSTEVPADLKAKIPKKGGASRKSRKSTGSKKSRKSAKRGSKKSRKSRKSKGSRKSRRSRR,1
MHGDTINIQDVILDLVPQPEIDLQCYEQLDYEQFDSSEEDETDNVRNQQARQAEQEACYRIEAECCVCNSIVQLAVLSSRQNVRAVEQLLMGDVSLVCHQCATY,1
MEPVDPRLEPWKHPGSQPKTACTTCYCKKCCFHCQVCFTKKALGISYGRKKRRQRRRAPEDSQTHQVSLPKQPAPQFRGDPTGPKESKKKVERETETHPVD,1
MDPIDPDLEPWKHPGSQPRTVCNNCYCKACCYHCIYCFTKKGLGISYGRKKRTTRRRTAPAGSKNNQDSIPKQPLSQSRGNKEGSEKSTKEVASKTEADQ,1
IAPAYSIRCIGVSNRDFVEGMSGGTWVDVVLEHGGCVTVMAQDKPTVDMELVTTTVSNMAEVRSYCYEASISDMASDSRCPTQGEAYLDKQSDTQYVC,1
MCSGKFSIDKEMAETQHGTTVVKVKYEGAGAPCKVPIEIRDVNKEKVVGRIISSTPLAENTNSVTNIELEPPFGDSYIVIGVGNSALTLHWFRK,1
MEPVDPRLEPWKHPGSQPKTACTNCYCKKCCFHCQVCFITKALGISYGRKKRRQRRRPPQGSQTHQVSLSKQPTSQSRGDPTGPKE,1
VPVWKDAETTLFCASDAKAHETEVHNVWATHACVPTDPNPQEIQLKNVTENFNMWKNNMVEQMQEDVISLWDQSLKPCVKLTPLCVTLNCTDATLTNSTYITNVSKIIGDITEEVRNCSFNMTTELRDKKQKVHALFL,1
MRVQRPPTLLLVFSLSLLVTAFSKPLYVPEHCQNYSGCMLRACIKTAQADTAGLYTNFRIDVPSAESTGTQSVSVDRESTSTHDGPTEHVTSVNLFDVGYSVN,1
MTAPKCVTTTTYLVKTKEQPWWPDNAIRRWWISVAIVIFIGVCLVALMYFTQQQARNGSGSG,1
MGQEQGTPWIQSTGHTSTQKEEDGQKTPKREHRNLTQLMVPYRKTMNQVAMPKQIVY,1
MEQGQGTLWTQSTEHTNIQRGGSGRQIQKLGRPSSTQLMDHYLRIMNQVDMHKQTVSWRLWPSLKNPTQVSLRTHALKQWKPFNRQGWTN,1
MASRRSRPQAASFRNGRRRQPTSYNDLLRMFGQMRVRKPPAQPTQAIIAEPGDLRHDLNQQERATLSSNVQRFFMIGHGSLTADAGGLTYTVSWVPTKQIQRKVAPPAGP,1
MEPVDPRLEPWKHPGSQPKTACTNCYCKKCCFHCQVCFITKALGISYGRKKRRQRRRAPQGSQTHQVSLSKQPTSQSRGDPTGPKE,1
MGARASVLSGGELDRWEKIRLRPGGKKKYKLKHIVWASRELERFAVNPGLLETSEGCRQILGQLQPSLQTGSEELRSLYNTVATLYCVHQRIEIKDTKEALDKIEEEQNKSKKKAQQAAADTGHSNQVSQNY,1
MEGKARTAPQGEAAGTATTASVPGTTTDGMDP,1
MDPVDPNQEPWNHPGSQPRTACNNCYCKKCCYHCQLCFLKKGLGIYYGRKKRRQRRGTPKSLQDHQTLIPKQPLSRTSGDPTGPEK,1
SVALTPHSGMGLETRAETWMSSEGAWKHAQRVESWILRNPGFALLAGFMAYMIGQTGIQRTVFFVLMMLVAPSYG,1
FLVVLTTATAGLTRNLYELKIECPHTVGLGQGYVTGSVETTPILLTQVADLKIESSCNFDLHVPATTTQKYNQVDWTKKSSTTESTNAGAN,1
MDPVDPKLEPWNHPGSQPTTPCNKCYCKVCCWHCQVCFLNKGLGISYGRKKRRPRRGTPQGSKDHQNPVPKQPLPITSGNPTGSEKPKKEVASKTETDPLD,1
TWLESREYTKHLIRVENWIFRNPGFALAAAAIAWLLGSSTSQKVIYLVMILLIAPAYSIRCIGVSNRDFVEGMSGGTWVDVVLEHGGCVTVMAQDKPTVDIELVTTTVSNMAEVRSYCYEASISDMASDSRCPTQGEAYLDKQSDTQYVCKRTLV,1
MFFHFIFIFTFIFIHTFIFIIIFMFTFIFIIIIIFMFTFIFIIIIIFMFTFIFIHTFIFITIIFMFTFIFIHTFIFIIIIFMFTLIFIFFQK,0
MDKYIKNILEMSTLQYKYNNKQYMYIKDNITYSKYFIKYSKYIINKIKNNIYSKKYKIRILKKNINIIYELKLLFVYNCDKLIDCISDYDDYVNKNNIIMNDYINMIINCNKKQNIELIKIINDNFDKIIYNYDISLNFIEKILNNINNVF,0
MLLYGNNDSFSFNFDLFIANCINSFLKPKYPPIIKISSENSLYIKSKIYCIILNVSILTYLYIGSYIL,0
MAPLFSSKKFFVDGLSSIVDAPLINFLLRSIIVAKSTLSTRTNPYSLNTLTISFFLIMYSVIGVDIVDGLYTTILSSAIFSTDI,0
MKLFTQNDRYFGLLDSCTHIFCITCINIWHKTRRETGASDNCPICRTRFRNITMSKFYKLVN,0
MSEYFISRTSIWTVFMLPIMYGPIKSMIEISRSSYNVSVIVNTPIGVITNAASMAAYVNDLLLIHFLLSLVEFFNT,0
MCDKINNFQKKLLNNLKLKLYDNVNKIIENKTPLHDLKVILNKNIKKLIIYHNKIYKKYLKIFLERKYKLLMNELIRRIKIEKFIKICYDISSKNINILLNEINIYVANLIYINNII,0
MLLTNVIKSASGYPKHSLLKSNADWFFIFRFTVPDLLISSTNSSTVAHSLISNLLVNCFKPALPTLEKYFPLT,0
MYMIYILISHIWFHFKIWFKIICFSYICNIINNFIFKFINFFYIFKVFFNVRKRKIINNIIYNFTT,0
MFLYLISQNINNVSKISISNTQSMFLYLISQNINNVSKISISNTQSMFLYLISQNINNVSKI,0
MSLIRDFSFWNRIIINIYNFIEISDNYFDHILQFEKIKSPIYYKHVQGNRCQITNGYLISIRILYYLSAKITTLDSS,0
MFNIFRLVNIFKTLILLSSQLILLDISNTCKLVNLLKKSKNLILHELQFKLIKFGNLKSSISSDK,0
MSNFFKLIKVSKNLKSFILDHEQLISSIVIGNIILDIILFLLPKIFNFFNFFKLFKKLKSFILQYIQSISSNISGNFILDILLFFNT,0
MCNIIMKLKALIIVNIFNFHINNIFCNKKNKIDIKYAIIEEEYVMEECVVEYIDCYIEKII,0
MIYNNILIIIISLITMLMLHLIIKITLHIILYTYIGGLIFDIIGLTLIFSKLIAIIITIFIMIDTFIIFLELEPINKISYIKFFI,0
MKISLIEKKLIPSPPLEENTHVLMHSPLVFDSWLNSATALILVSFVLDENSILEIPKTLKYSNKISIPD,0
MIELNISTVSIVLCFLLCFCVLLFVCLVIRPLVLSVSVYATLLLLIVILWVIATSPLRCFCIYVVFIYIPLFVIHTHASFLSQQ,0
MGYINVFAFPFTIYSLLLCRMNSRNYIAQVDVVNFNLT,0
MYVHSSNLTDTISYPDVVINYRSWTKCTHFFGLLFDSRIIMLNFSIYSVSCFKYVMMNPYSFQTQV,0
MNSKSSTRKRALKAGYRSGLEEQTAKDLKKREVPFSYEERKIKWLDSKIRTYTPDFELPNGVIIETKGRFVAADRRKHLEIKKQFGDKYDIRFVFTNSKAKLYKGAKSSYADWCNKHGFLYADKTIPEEWLNE,0
MEGTKICNVCNISKVISEFRPRGRVCKNCTNIKQRKWRAVNKDKTRKYREKGNVRVKKWKEEHKDKQREYYKKFIEKKEKELENQAARILATLKN,0
MQKYVMLTQDNCKYCTAALGLLNSHGFNTEVYNVADRKNNPMIDSLIVTKTVPQIYAPDGQFIGGYTELKEYLNDSST,0
MKGIDNTAYSYIDDLTCCTRVIMADYLNSDYRYNKDVDLDLVKLFLENGKPHGIMCSIVPLWRNDKETIFLILKTMNSDVLQHILIEYMTFGDIPLVEYGTVVNKEAIHEYFRNINIDSYTMKYLLKKEGRCHQLSR,0
MLIFILSILPYNICSLIGTELYDCIFLYTKSNGCSRLQTCIKVSCSMLEFMYLAEDIPIQFDGIGNCLLSMVIMEYHLLFANI,0
MSPFSLVKLHVEHTLNLVPPNLGLFTLFSLSFPIESITIGIASIVLLSNKVYLKVVIIYLLIFFFTFIVKFFI,0
MYIVYISMIALVFLVWFAVCLYICCSVPLLPSVHLCAYMWLLLFVFIVVHTTPLQMFCIYLLFFILPMWFLHILSVYA,0
MLGQVTLYVARVSGVGGVAISKPCACCSGLIRKYNIKYVYYTTDGSIEREKGSELHTTHISKCYKYMEKLKKESCKQKGKK,0
MAQMFTDPPKAAKIYINSSVESTFIDTSSLNSEKYATIWRSLSIFIRMLILNFCKLFKVKWLQNSVVLQFLT,0
MDEIVRIVRDSMWYIPNVFMDDGKNEGHVSVNNVCHMYFTFFDVDTSSHLFKLVIKHCDLNKRGNSPLHCYTMNTRFNPSVLKILLHHGMRNFDSKDEKGHHYQSITRSLIY,0
MILLVFLVWFGVCIYICCNVPLLPSVHVCAYVWIIVFVFILIRTTPLEVFFVYLLFFVLPMWLLHRLAMDMI,0
MILPIFVVCFILFLCLCIFLRPLVLSISIYAWLLVLVLLLWVSVGSALRIFFCYLIFLYIPMMCINFHAQYLTQQD,0
MDLARLGSMSSYDFSTVVSVLLVSIRSMSRSIESKHDRSEDNEYLYASFCTVTSRFVRCLHRALTSMVQILSSLCVSYSSLL,0
MSANCMFNLDNDYIYWKPITYPKALVFISHGAGKHSGRYDELAENISSLGILVFSHDHIGHGRSNGEKMMIDDFGTARGNY,0
MDLARLGSMSSYDFSTVVSVLLVSIRSMSRSIESKHDRSEDNEYLYASFCTVTSGFVRWLHRALTSMVQILSSLCVSYSSLL,0
MLSLIFLFCFCVCMYVCCHVPLLPSVCMCAYAWVLVFVYIVVITSPATAFTVYVFCFLLPMLLLHIHAILSLQ,0
MTSSAMDNNEPKVLEMVYDATILPEGSSMDPNIMDCINRHINMCIQRTYSSSIIAILNRFLTMNKDELNNTQCHIIKEFMTYEQMAIDHYGEYVNAILYQIRKRPNQHHTIDLFKKIKRTPYDTFKVDPVEFVKKVIGFVSILNKYKPVYSYVLYENVLYDEFKCFINYVETKYF,0
MTSSAMDNNEPKVLEMVYDATILPEGSSMDPNIMDCINRHINMCIQRTYSSSIIAILDRFLMMNKDELNNTQCHIIKEFMTYEQMAIDHYGGYVNAILYQIRKRPNQHHTIDLFKRIKRTRYDTFKVDPVEFVKKVIGFVSILNKYKPVYSYVLYENVLYDEFKCFINYVETKYF,0
MTEINELTDELTELQATTDKTPKFTLCGLKVLAKCTHVYDGDTIHAVFKFNNVMQRFTVRMQGYNSAEIKGVTEEERTAAQRAKKALCDLILNKIVNLEIGDFDKYGRLLGTVIVDGINVNAYMVAGGYGCNYDGSGEKLWH,0
MGTAATIQTPTKLMNKENAEMILEKIVDHIVMYISDESSDSENNPEYIDFRNRYEDYRSLIIKSDHEFVKLCKNHAEKSSPETQQMIIKHIYEQYLIPVSEVLLKPIMSMGDIITYNGCKDNEWMLEQLSTLNFNNLRTWNSCSIGNVTRLFYTFFSYLMKDKLNI,0
MLINLYSQRDLKTRFSEPVPDLNDDSAIRNFTFSLRNANDIRAFMPADFQLFRVGQFNTATGELIPCLPVLLIDGVSAYGKE,0
MEATKTCIKCGIIEELNKFKKGKRVCKKCINKQSREWRAVNKDKTRKQRARYLEKHLDVEKKWRDKNKDKMREYNKKWREKKEREFEIQAAQILANLCQL,0
LYRHIVTIAVFIILLFVLCLCVCLVLCCLLPLLLSQYVFAAALLLILCFWFVVATSQLTTFFVYLIFFYLPCLLLHLYTFLLLQ,0
MIFVFVLCFILFLCLSLLLRPLILSISTYAWLLVLVLLLWVFVGSPLKIFFCYLLFLYLPMMCINFHAQHMTQQE,0
MSTTNDNTTMQRLMITDMRPLSMESIITSLTKEIITHKFIYLINNECIVRKLDERQATFTFLVNYEMKLLHKVGSTIYKKYTEYNTKYGTFPMPIFINHDGFLECIGIKPTKHTPIIYKYDLNP,0
MLIFILSILPYNICSLIGRELYDCIFLYTKSNGCSRLQTCIKVSCSMLEFMYLAEDIPIQFDGIGNCLLSMVIMEYHLLLANI,0
MIDLTASSTVLLCFLLCFCVLLCLCLLVRSLLLSVSLYSALILLVLILWVTVATPLLAFVVSCFCIYLWMINAHAQYLAVQ,0
MSFDAFNIQIINWDKHLSSVNLNSTTCYNCNLAVAGKNDYIIHLYGQTSCLIANEYEQKTIALSSALIKYGDNILKYSV,0
MYEHRPPSLETNSFSSTRRLFSNSDWCCKDPGRSKLTNMVNSCTLLTIGVADKQIILWFFNAMVLDKKLYTERVGRILPSSLINDLEMKL,0
MNSLLAELNRLGVAHATTEDVFIFVDRLFQHFSFLFQAEESGPRRLELVASVFEHLTVECVNDILDACSHPDVNVVETSNTCRPRPSPVPSAPKTVSDAQTSCATPRAPVT,0
MTLHMPCKTVKALIKCSKHGPKFITIEADDMIWTHKELKETLSDGIVKSHTNIYSCYLENIEIIYVKTYLS,0
MSETKYEKLSELNYLELYQLTKSEFTTDEIFDYIKQNRESDLKAIAAAIPLYKFDHNNILFYRYLNKIKFGKRDKPLFSDKHVPIKQNFKEVDGIEIYEPIFNPKFQKTQGAQSKYINLSQLSNNLYFVDNIFNNLELTTDDFDALLDQLDELDI,0
MQTAHITVDLQNTIISTIKQWLNGLPTVKCIKNKYILLKRKLRIDLPETIHNGRNINEILSDTKIYDIVYWKGVLTTFKPIISIHYYAVYLSEFGNLEKEYIELINKLTEHEVHQKTHTMYAKIARLENMIFAYSE,0
MATKLDYEDAVFYFVDDDKICSRDSIIDLIDEYITWRNHVIVFNKDITSCGRLYKELMKFDDVAIRYYGIDKINEIVEAMSEGDHYINFTKVHDQESLFATIGICAKITEHWGYKKISESRFQSLGNITDLMTDDNINILILFLEKKLN,0
MIGKQATLCDIVLEELVLPIDLHCHEELPELPEELEESVVEEEPEYTPYKIVVYCGGCDTKLKLYILATLSGIRDFQTSLLGPVKLLCPTCREEIRNGRR,0
MYLQANRDDNFFAERTSGCITRLASDSLCLFHSSFIHIQTSCDTRIILRGKTLLLSSHWVPYPLRIPHYPPSWSRTIPNRIRYIPATQGDVYHGRRLGRDPYSRR,0
MDHNQYLLTMFFADDDSFFKYFASQDDESSLSDILQITQYLDFLLLLLIQSKNKLEAVGHCYESLSEEYRQLTKFTDSQDFKKLFNKVPIVTDGRVKLNKGYLFDFVISLMRFKKESALATTAIDPVRYIDPRRDIAFSNVMDILKSNKVEQ,0
MGLVNSVPTQTKQPDNKIEDLSISYAEYTIIINKLNSLDIIPTIDE,0
MNSLLAELNRLGVAHATTEDVFIFVDRLFQHFSFLFQAEESGPRRLELVASVFEHLTVECVNDILDACSHPDVNVAETSNTCRPCPSPVPSAPKTVSGAQTSCATPRAPVT,0
MTWFWRYLNYLATWREHRNVIKQLNKFSDRELKDIGITRGDIDRLVWLKEDKQKRGSQE,0
MLEKIEAANKLLRGLILKFKGKPIETELNNLFDLQILLYETYYKLKADRELLESIESIKQYRDEYVINLELVKEAEYKSFLAIMQEVRIYALMNKY,0
MIIPCEYDNRGIYRKPDDIGIWFDYINWEGQTIKAAPKIVFPNFVSISLEYVFPVEEELPYPLNFALFVENIAHKQFKETARKKWIMHKEFKIFFKKQRLYQLTDLLCKFIPLPTEINYIIAEFI,0
MFLKLVDDHALVVNVLLWCVVLIVILLVCITIIKLIKLCFTCHMFCNRTVYGPIKNVYHIYQSYMHIDPFPKRVIDF,0
MGNKQAKAPESKDSPRASLIPDATHLGPQFCKSCWFENKGLVECNNHYLCLNCLTLLLSVSNRCPICKMPLPTKLRPSAAPTAPPTGAADSIRPPPYSP,0
MVIYCSNSLGAYCKLVINKVAVLLTYFCFVALTNAQFFVSDILVHGKIPPNHLIIQYPSVSRSPRLDTTYPLCESIGVNSRVPLSILFGFLINGTCSPLDMNLETNP,0
MSGMVLDWSLYDIDHTTYHIIDDIRYQKIQQELFKSIIGCNEDYSVWIKHKPNLVIPGGRPCIAITNPDMDWIPCMSESMKDWFYANCDVYYLANDEVWYT,0
MNSLLAELNRLGVAHATTEDVFIFVDRLFQHFSFLFQAEESGPRRLELVASVFEHLTVECVNDILDACSHPDVNVVETSNTCRPCPSPVPSASKTVSDAQTSCATPRAPVT,0
MLPATLTGHPLTLPLINVYMQGRLVKTIIHMLIWDVKNYFT,0
MNCLVDKIYLQCSLQKTDLTTDEIDIEFEKVIKQLEFATWMKTLDELVEMEREIKKIEIDYLNNYHRQ,0
MDTDVTNVEDIINEIDREKEEILKNVEIENNKNINKNHPSGYIREALVINTSSNSDSIDKEVIECICHDVGI,0
MGQGKSREEKGTNSTNRAEILPDTTYLGPLSCKSCWQKFDSLVRCHDHYLCRHCLNLLLSVSDRCPLCKYPLPTRLKISTAPSSPPPYEE,0
MLLVFLGPVNSFMKGIRDVGFGKPPRILSVSRARLASNTSKACPPRQLARSWRFTVISCNHFLRDLLTDRFEG,0
AIIMVSCVTSVWLLCRTRNLCITPYRLAPNAQVPILLAVL,0
MADYLNSDYRYNKDVDLDLVKLFFQNGKPHGIMCSIVPLWRNDKKPSFLILKTMNSDVLQHILIEYMTFGDIPLVEYGTVVNKEAIHEYFRNINIDSYTMKYLLKKEGRCHQLSR,0
MEDLNEANFSHLLINLSNNKDIDAQYASTLSVVHELLSAINFKIFNINKKSKKNSKSIEQHPVVHHAASAGREFNRR,0
MFHLVDFQVTIAEILLIIMRTFKVSIWNLDYIINLIIKNLSKSLTENKYSQLDEEQPMEID,0
MSGIVKSIILSGPSGLGKTAIAKRLWEYIWICGVPYH,0
MTLVKNMSSILENENILHGLIKTSNAPDCVSNASYKDFKDAIDSLTNDLELRLASDFFIKSNGRLSGLLPQ,0
MTLHMPCKTVKALIKCSEHGPVFITIEVDEMIWTQKELKEALSDGIVKSHTNIYNCYLENIEIIYVKAYLS,0
MNEDLVTRIVDRFSIAELAEVVGITPRMFIDAFEDEILDNLAALADIDQGFVIEDDTDEDE,0
MASSLLHLFFFIIFLIILYFINYYPTNKLQMSLKNLNTENIIIKQQNNNIPTFLDTIIFTKPESAIPTRVNVYYDSALGIVTILENNKKRIFRLDFEEDVRTLLPILLLSK,0
MSSDDFIEKMAEAVMFSQRRKIENYTVKFDEVRRANDFFCYIRWHLSTRDIEQIWSENPKHFVAKCAEYRCGNVFDAWGFYDSLDVGNQSKLVSWYNKRMNERG,0
MNGSIHYCRNNSATSLLTCQICSVEDSAKKFVSYDLYRSTITLCSHCLKKIYSMDVVGKDTNRGDIEGIAVAVQNTKYENCILTSCKHCSL,0
MHTQRAGLSAIVATYRYQLATGVVYRDISSTIATEKIPFVENAVLKERAFIETIKQHQEPQRRIPRPVDSYVMLHSNARITTSRVIPQHKYKVTAKNPCRSIKRNAFQTAPSQTQLFISVNNRWLG,0
MSNTAPGPTVANKRDEKHRHVVNVVLELPTEISEATHPVLATMLSKYTRMSSLFNDKCAFKLDLLRMVAVSRTRR,0
MNSLLAELNRLGVAHATTEDVFIFVDRLFQHFSFLFQAEESGPRRLELVASVFEHLTVECVNDILDACSHPDVNVVETSNTCRPCPSPVPSAPKTVSDAQTSCATPRAPVT,0
MTSSAMDNNEPKVLEMVYDATILPEGSSMDPYIMDCINRHINMCIQRTYSSSIIAILDRFLMMNKDELNNTQCHIIKNL,0
MIGKQATLRDIVLEELVQPIDLHCHEELTEEVEEAVVEEEPEYTPYKIIVVCGGCETQLKLYVLATDFGIRSFQASLLENVKLVCPACREDIRNGRR,0
MYDDLIEQCHLSMERKSKLVDKALNKLESTIGQSRLSYLPPEIMRNII,0
MFLRLIDDNGIVLNSILWLLVMIFFFVLAMTFIKLIQLCFTCHYFFSRTLYQPVYKIFLAYQDYMQIAPVPAEVLNV,0
MRGDKATIPDIELEELVLPANLISDESLSPDATAEEEFCPYRIDSKCHNCGCRIRVTVAATEFGIRCFEQLLLKELCLFCPACSRQLPRNGRS,0
MSELPAINLCKACTEVIEKQLPEKNRLISPSAHTVTPVVCTVCIYNNWATLKKYSIIQSGTLRFKLHRED,0
MGSPCALGLFCCCSSCFCLCCPRHRPASRLAAVVGGATAVPAVVSGVTGLILSPSPSPIFIQPTPSLPMSFHNPGLELALDSRPAPLAPLGVTSPSAPPLPPVVDLPQLGLRR,0
MRPAKSTDSVFVRTPVEAWVAPSPPDDKVAESSYLMFRAMYAVFTRDEKDLPLPALVLCRLIKASLRKDRKLYAELACRTADIGGKDTHVRLIISVLRAVYNDHYDYWSRLRVVLCYTVVFAVRNYLDDHKSAAFVLGAIAHYLALYRRLWFARLGGMPRSLRRQFPVTWALASLTDFLKSL,0
MDNVEAYPQHLREGKTMNYEQIKLNLADMSCMSPSPTPKVALERIEQLEAALHKLAYWLDTDQEILDNMTAAERDDHIRMHKLALAALF,0
MRGNQVTLKDIVLERSEPPVDLFCEEELPTEQDTAEEEPEKVPFKVVAPCGCCGARLRLFLFATKLGIHTFETLLLEEVSLLCPTCRESIQHGGQ,0
MRGDKPTIPDIVLEELVLPVNLLSDESIETDDIAESERSPFKIDSTCKHCHCRVRLCCVATDAAIRVFECLLQSEFSFLCLKCSKELLRNGRT,0
MDSRTGESITVAQAENSVFIWEVPNPLYFRIQRVEDPLYTRTRIYHIQVRFNHNLRKALDLRKAYFNFQVWTTSMRASGPTYLSRFKCLVMSHLDNLGVIGINHVIRAVRFATDRSYVTHVHENHVINFKIY,0
MMPISAGKLNTRAVLQRRQEGTDEWGAPKHVWLEVGAFYTNPKNDTGMGAIRSSVGSGVPANIVNYSLEVRSETIRRLDPQPDDRLLIRVPFTARDMILSVTGVILDFADSSHAYILAQAGTNEI,0
MFHLVDFQVTIAEILIIIMRTFRIAIWNLDVIISSIVRQLFKPLTKKNYSELDDEEPMELDYP,0
MNNNPSSLCGIFFGLTVVLIYIINFILIENEYLSQFEFHKIGDAAYIWTAIDLAIIGIISVIIIIIKTIYNIYKNHKNYAMVCEQPEAHVFDL,0
MDTDTDTDVTNVEDIINEIDREKEEILKNVEIENNKNINKNHPSGYIREALVINTSSNSDSIDKEVIECICHDVGI,0
MHGNVATIEDIVLDLKPEPFDLYCREQLEDSDAEDETAVTQPDKQAFKVLSQCGGVCCKTVRLCVYSTHTGIRVLQELLHQDALQIVCPTCASRL,0
MTMPKIMILPDKYPCSITSILITSRCRVTMYNRKNTLYFNQNNPNNHMYSPNQTFNEIHWTSQDLIDTIQNFLQHLGVIEDIYTIYILVS,0
MIGKQATLRDIVLEELVQPIDLHCHEELPDLPEDIEASVVEEEPAYTPYKIIVLCGGCEVRLKLYVWATDAGIRNLQDCLLGDVRLLCPTCREDIRNGGR,0
MHGDTPTLHEYMLDLQPETNDLYCYEQLNDSSEEEDEIDGPAGQAEPDRAHYNIVTFCCKCDFTLRLCVQSTHVDIRTLEDLLMGTLGIVCPICSQKP,0
MEPTPMLRDRDHDDAPPTYEQAMGLCPTTVSTPPPPPPDCSPPPYRPPYCLVSSPSPRHTFDMDMMEMPATMHPTTGAYFDNGWKWTFALLVVAILGIIFLAVVFTVVINRDSANITTGTQASSG,0
AEVSFQDRDTALPDACSSISDITPITYPITLPIIKNISVTAHGINLIDKFPSKFCSSYIPFHYGGNSIKTPDDPGAMMITFALKPREEYQPSGHINVSRAREFYISWDTDYVGSITTADLVVSASAIN,0
MHGEITTLQDYVLDLEPEATDLYCYEQLCDSSEEEEDTIDGPAGQAKPDTSNYNIVTSCCKCEATLRLCVQSTHIDIRKLEDLLMGTFGIVCPGCSQRA,0
MKYRLYSEGLSISNDLNSIIGQQSTMDTDIEIDEDDIMELLNILTELGCDVDFDENFSDIADDILESLIEQDV,0
MCLKILVRYNTRGNTYSTAWLCALGKVLPFHRWHTMVQTCTPNVTINCQDPAGGALIARCWYLHEGHQTAAFRDVLVVLNKRTN,0
MHGDTPTLHEYMLDLQPETTDLYCYEQLNDSSEEEDEIDGPAGQAEPDRAHYNIVTFCCKCDSTLRLCVQSTHVDIRTLEDLLMGTLGIVCPICSQKP,0
MHGPKPTVKDIELDLAPEAVPLVCNEQLDSSDEEDCIDVVEPAQQAYRVVTLCTKCSTTLRLVVESSEADIRAFQELLLRTLKIVCPRCA,0
MGKSQSKSSPHNKPPEPEAPRHPVIPDARGTGPEFCKSCWFERRGLVKCYDHYLCLNCLTLLHTVSDRCPICKHTLPLKLELQTQPTAPPEHPPNQQPPPYTP,0
MEMPPCALGLFCFCSSCFCLCCPRHRPVSRLAVAAGKRGAAVVSGVTGLILSPSPSPIFIQPTPSHLTFQPPPGLELALGSQSVHSAPLGVTSPSAPPLPPVVDLPQLGLRR,0
